Year,Series,Units,Basic services,Sources of waste for disposal,Proficiency level,Sex,Geography,GeoCode,Value
2000,Access to basic drinking water services,Percentage (%),,,,,,,98.17
2001,Access to basic drinking water services,Percentage (%),,,,,,,98.18
2002,Access to basic drinking water services,Percentage (%),,,,,,,98.18
2003,Access to basic drinking water services,Percentage (%),,,,,,,98.18
2004,Access to basic drinking water services,Percentage (%),,,,,,,98.18
2005,Access to basic drinking water services,Percentage (%),,,,,,,98.24
2006,Access to basic drinking water services,Percentage (%),,,,,,,98.3
2007,Access to basic drinking water services,Percentage (%),,,,,,,98.36
2008,Access to basic drinking water services,Percentage (%),,,,,,,98.42
2009,Access to basic drinking water services,Percentage (%),,,,,,,98.48
2010,Access to basic drinking water services,Percentage (%),,,,,,,98.54
2011,Access to basic drinking water services,Percentage (%),,,,,,,98.6
2012,Access to basic drinking water services,Percentage (%),,,,,,,98.65
2013,Access to basic drinking water services,Percentage (%),,,,,,,98.71
2014,Access to basic drinking water services,Percentage (%),,,,,,,98.76
2015,Access to basic drinking water services,Percentage (%),,,,,,,98.82
2016,Access to basic drinking water services,Percentage (%),,,,,,,98.87
2017,Access to basic drinking water services,Percentage (%),,,,,,,98.93
2018,Access to basic drinking water services,Percentage (%),,,,,,,98.98
2019,Access to basic drinking water services,Percentage (%),,,,,,,99.04
2020,Access to basic drinking water services,Percentage (%),,,,,,,99.04
2021,Access to basic drinking water services,Percentage (%),,,,,,,99.04
2022,Access to basic drinking water services,Percentage (%),,,,,,,99.04
2000,Access to basic sanitation services,Percentage (%),,,,,,,77.4
2001,Access to basic sanitation services,Percentage (%),,,,,,,77.4
2002,Access to basic sanitation services,Percentage (%),,,,,,,77.4
2003,Access to basic sanitation services,Percentage (%),,,,,,,77.8
2004,Access to basic sanitation services,Percentage (%),,,,,,,78.3
2005,Access to basic sanitation services,Percentage (%),,,,,,,78.7
2006,Access to basic sanitation services,Percentage (%),,,,,,,79.2
2007,Access to basic sanitation services,Percentage (%),,,,,,,79.6
2008,Access to basic sanitation services,Percentage (%),,,,,,,79.9
2009,Access to basic sanitation services,Percentage (%),,,,,,,80.3
2010,Access to basic sanitation services,Percentage (%),,,,,,,80.7
2011,Access to basic sanitation services,Percentage (%),,,,,,,81.1
2012,Access to basic sanitation services,Percentage (%),,,,,,,81.4
2013,Access to basic sanitation services,Percentage (%),,,,,,,81.8
2014,Access to basic sanitation services,Percentage (%),,,,,,,82.2
2015,Access to basic sanitation services,Percentage (%),,,,,,,82.6
2016,Access to basic sanitation services,Percentage (%),,,,,,,82.9
2017,Access to basic sanitation services,Percentage (%),,,,,,,83.3
2018,Access to basic sanitation services,Percentage (%),,,,,,,83.7
2019,Access to basic sanitation services,Percentage (%),,,,,,,84.1
2020,Access to basic sanitation services,Percentage (%),,,,,,,84.0
2021,Access to basic sanitation services,Percentage (%),,,,,,,83.9
2022,Access to basic sanitation services,Percentage (%),,,,,,,83.9
2015,Access to clean fuels and technology,Percentage (%),,,,,,,100.0
2016,Access to clean fuels and technology,Percentage (%),,,,,,,100.0
2017,Access to clean fuels and technology,Percentage (%),,,,,,,100.0
2018,Access to clean fuels and technology,Percentage (%),,,,,,,100.0
2019,Access to clean fuels and technology,Percentage (%),,,,,,,100.0
2020,Access to clean fuels and technology,Percentage (%),,,,,,,100.0
2021,Access to clean fuels and technology,Percentage (%),,,,,,,100.0
2022,Access to clean fuels and technology,Percentage (%),,,,,,,100.0
2021,Access to basic mobility,Percentage (%),Proportion of the rural population who live within 2 km of an all-season road,,,,,,97.7
2021,Access to basic mobility,Percentage (%),Proportion of the rural population who live within 2 km of an all-season road,,,,Newfoundland and Labrador,10,96.1
2021,Access to basic mobility,Percentage (%),Proportion of the rural population who live within 2 km of an all-season road,,,,Prince Edward Island,11,99.9
2021,Access to basic mobility,Percentage (%),Proportion of the rural population who live within 2 km of an all-season road,,,,Nova Scotia,12,97.7
2021,Access to basic mobility,Percentage (%),Proportion of the rural population who live within 2 km of an all-season road,,,,New Brunswick,13,97.1
2021,Access to basic mobility,Percentage (%),Proportion of the rural population who live within 2 km of an all-season road,,,,Quebec,24,98.0
2021,Access to basic mobility,Percentage (%),Proportion of the rural population who live within 2 km of an all-season road,,,,Ontario,35,98.8
2021,Access to basic mobility,Percentage (%),Proportion of the rural population who live within 2 km of an all-season road,,,,Manitoba,46,97.2
2021,Access to basic mobility,Percentage (%),Proportion of the rural population who live within 2 km of an all-season road,,,,Saskatchewan,47,98.2
2021,Access to basic mobility,Percentage (%),Proportion of the rural population who live within 2 km of an all-season road,,,,Alberta,48,98.0
2021,Access to basic mobility,Percentage (%),Proportion of the rural population who live within 2 km of an all-season road,,,,British Columbia,59,95.0
2021,Access to basic mobility,Percentage (%),Proportion of the rural population who live within 2 km of an all-season road,,,,Yukon,60,88.2
2021,Access to basic mobility,Percentage (%),Proportion of the rural population who live within 2 km of an all-season road,,,,Northwest Territories,61,91.8
2021,Access to basic mobility,Percentage (%),Proportion of the rural population who live within 2 km of an all-season road,,,,Nunavut,62,82.2
2002,Access to basic waste collection services,Tonnes,,,,,,,24081371.0
2004,Access to basic waste collection services,Tonnes,,,,,,,25226766.0
2006,Access to basic waste collection services,Tonnes,,,,,,,26417011.0
2008,Access to basic waste collection services,Tonnes,,,,,,,25926476.0
2010,Access to basic waste collection services,Tonnes,,,,,,,24952415.0
2012,Access to basic waste collection services,Tonnes,,,,,,,24681474.0
2014,Access to basic waste collection services,Tonnes,,,,,,,24766650.0
2016,Access to basic waste collection services,Tonnes,,,,,,,24940747.0
2018,Access to basic waste collection services,Tonnes,,,,,,,25733021.0
2020,Access to basic waste collection services,Tonnes,,,,,,,26107720.0
2002,Access to basic waste collection services,Tonnes,,Residential sources of waste for disposal,,,,,8446766.0
2002,Access to basic waste collection services,Tonnes,,Non-residential sources of waste for disposal,,,,,15634606.0
2002,Access to basic waste collection services,Tonnes,,All sources of waste for disposal,,,Newfoundland and Labrador,10,376594.0
2002,Access to basic waste collection services,Tonnes,,Residential sources of waste for disposal,,,Newfoundland and Labrador,,216218.0
2002,Access to basic waste collection services,Tonnes,,Non-residential sources of waste for disposal,,,Newfoundland and Labrador,,160376.0
2002,Access to basic waste collection services,Tonnes,,All sources of waste for disposal,,,Prince Edward Island,11,
2002,Access to basic waste collection services,Tonnes,,Residential sources of waste for disposal,,,Prince Edward Island,,
2002,Access to basic waste collection services,Tonnes,,Non-residential sources of waste for disposal,,,Prince Edward Island,,
2002,Access to basic waste collection services,Tonnes,,All sources of waste for disposal,,,Nova Scotia,12,389194.0
2002,Access to basic waste collection services,Tonnes,,Residential sources of waste for disposal,,,Nova Scotia,,169649.0
2002,Access to basic waste collection services,Tonnes,,Non-residential sources of waste for disposal,,,Nova Scotia,,219546.0
2002,Access to basic waste collection services,Tonnes,,All sources of waste for disposal,,,New Brunswick,13,413606.0
2002,Access to basic waste collection services,Tonnes,,Residential sources of waste for disposal,,,New Brunswick,,203506.0
2002,Access to basic waste collection services,Tonnes,,Non-residential sources of waste for disposal,,,New Brunswick,,210100.0
2002,Access to basic waste collection services,Tonnes,,All sources of waste for disposal,,,Quebec,24,5846459.0
2002,Access to basic waste collection services,Tonnes,,Residential sources of waste for disposal,,,Quebec,,1875235.0
2002,Access to basic waste collection services,Tonnes,,Non-residential sources of waste for disposal,,,Quebec,,3971225.0
2002,Access to basic waste collection services,Tonnes,,All sources of waste for disposal,,,Ontario,35,9645633.0
2002,Access to basic waste collection services,Tonnes,,Residential sources of waste for disposal,,,Ontario,,3438408.0
2002,Access to basic waste collection services,Tonnes,,Non-residential sources of waste for disposal,,,Ontario,,6207225.0
2002,Access to basic waste collection services,Tonnes,,All sources of waste for disposal,,,Manitoba,46,896556.0
2002,Access to basic waste collection services,Tonnes,,Residential sources of waste for disposal,,,Manitoba,,412612.0
2002,Access to basic waste collection services,Tonnes,,Non-residential sources of waste for disposal,,,Manitoba,,483944.0
2002,Access to basic waste collection services,Tonnes,,All sources of waste for disposal,,,Saskatchewan,47,795124.0
2002,Access to basic waste collection services,Tonnes,,Residential sources of waste for disposal,,,Saskatchewan,,278692.0
2002,Access to basic waste collection services,Tonnes,,Non-residential sources of waste for disposal,,,Saskatchewan,,516432.0
2002,Access to basic waste collection services,Tonnes,,All sources of waste for disposal,,,Alberta,48,2890294.0
2002,Access to basic waste collection services,Tonnes,,Residential sources of waste for disposal,,,Alberta,,866398.0
2002,Access to basic waste collection services,Tonnes,,Non-residential sources of waste for disposal,,,Alberta,,2023896.0
2002,Access to basic waste collection services,Tonnes,,All sources of waste for disposal,,,British Columbia,59,2687882.0
2002,Access to basic waste collection services,Tonnes,,Residential sources of waste for disposal,,,British Columbia,,929101.0
2002,Access to basic waste collection services,Tonnes,,Non-residential sources of waste for disposal,,,British Columbia,,1758781.0
2002,Access to basic waste collection services,Tonnes,,All sources of waste for disposal,,,"Yukon, Northwest Territories and Nunavut",,
2002,Access to basic waste collection services,Tonnes,,Residential sources of waste for disposal,,,"Yukon, Northwest Territories and Nunavut",,
2002,Access to basic waste collection services,Tonnes,,Non-residential sources of waste for disposal,,,"Yukon, Northwest Territories and Nunavut",,
2004,Access to basic waste collection services,Tonnes,,Residential sources of waste for disposal,,,,,8961583.0
2004,Access to basic waste collection services,Tonnes,,Non-residential sources of waste for disposal,,,,,16265183.0
2004,Access to basic waste collection services,Tonnes,,All sources of waste for disposal,,,Newfoundland and Labrador,10,400048.0
2004,Access to basic waste collection services,Tonnes,,Residential sources of waste for disposal,,,Newfoundland and Labrador,,228004.0
2004,Access to basic waste collection services,Tonnes,,Non-residential sources of waste for disposal,,,Newfoundland and Labrador,,172044.0
2004,Access to basic waste collection services,Tonnes,,All sources of waste for disposal,,,Prince Edward Island,11,
2004,Access to basic waste collection services,Tonnes,,Residential sources of waste for disposal,,,Prince Edward Island,,
2004,Access to basic waste collection services,Tonnes,,Non-residential sources of waste for disposal,,,Prince Edward Island,,
2004,Access to basic waste collection services,Tonnes,,All sources of waste for disposal,,,Nova Scotia,12,399967.0
2004,Access to basic waste collection services,Tonnes,,Residential sources of waste for disposal,,,Nova Scotia,,179262.0
2004,Access to basic waste collection services,Tonnes,,Non-residential sources of waste for disposal,,,Nova Scotia,,220705.0
2004,Access to basic waste collection services,Tonnes,,All sources of waste for disposal,,,New Brunswick,13,442173.0
2004,Access to basic waste collection services,Tonnes,,Residential sources of waste for disposal,,,New Brunswick,,208120.0
2004,Access to basic waste collection services,Tonnes,,Non-residential sources of waste for disposal,,,New Brunswick,,234053.0
2004,Access to basic waste collection services,Tonnes,,All sources of waste for disposal,,,Quebec,24,6454000.0
2004,Access to basic waste collection services,Tonnes,,Residential sources of waste for disposal,,,Quebec,,2209000.0
2004,Access to basic waste collection services,Tonnes,,Non-residential sources of waste for disposal,,,Quebec,,4245000.0
2004,Access to basic waste collection services,Tonnes,,All sources of waste for disposal,,,Ontario,35,9809264.0
2004,Access to basic waste collection services,Tonnes,,Residential sources of waste for disposal,,,Ontario,,3489917.0
2004,Access to basic waste collection services,Tonnes,,Non-residential sources of waste for disposal,,,Ontario,,6319347.0
2004,Access to basic waste collection services,Tonnes,,All sources of waste for disposal,,,Manitoba,46,928117.0
2004,Access to basic waste collection services,Tonnes,,Residential sources of waste for disposal,,,Manitoba,,450658.0
2004,Access to basic waste collection services,Tonnes,,Non-residential sources of waste for disposal,,,Manitoba,,477459.0
2004,Access to basic waste collection services,Tonnes,,All sources of waste for disposal,,,Saskatchewan,47,794933.0
2004,Access to basic waste collection services,Tonnes,,Residential sources of waste for disposal,,,Saskatchewan,,279420.0
2004,Access to basic waste collection services,Tonnes,,Non-residential sources of waste for disposal,,,Saskatchewan,,515513.0
2004,Access to basic waste collection services,Tonnes,,All sources of waste for disposal,,,Alberta,48,3077311.0
2004,Access to basic waste collection services,Tonnes,,Residential sources of waste for disposal,,,Alberta,,943420.0
2004,Access to basic waste collection services,Tonnes,,Non-residential sources of waste for disposal,,,Alberta,,2133890.0
2004,Access to basic waste collection services,Tonnes,,All sources of waste for disposal,,,British Columbia,59,2767657.0
2004,Access to basic waste collection services,Tonnes,,Residential sources of waste for disposal,,,British Columbia,,919323.0
2004,Access to basic waste collection services,Tonnes,,Non-residential sources of waste for disposal,,,British Columbia,,1848335.0
2004,Access to basic waste collection services,Tonnes,,All sources of waste for disposal,,,"Yukon, Northwest Territories and Nunavut",,
2004,Access to basic waste collection services,Tonnes,,Residential sources of waste for disposal,,,"Yukon, Northwest Territories and Nunavut",,
2004,Access to basic waste collection services,Tonnes,,Non-residential sources of waste for disposal,,,"Yukon, Northwest Territories and Nunavut",,
2006,Access to basic waste collection services,Tonnes,,Residential sources of waste for disposal,,,,,9748217.0
2006,Access to basic waste collection services,Tonnes,,Non-residential sources of waste for disposal,,,,,16668793.0
2006,Access to basic waste collection services,Tonnes,,All sources of waste for disposal,,,Newfoundland and Labrador,10,428809.0
2006,Access to basic waste collection services,Tonnes,,Residential sources of waste for disposal,,,Newfoundland and Labrador,,227618.0
2006,Access to basic waste collection services,Tonnes,,Non-residential sources of waste for disposal,,,Newfoundland and Labrador,,201192.0
2006,Access to basic waste collection services,Tonnes,,All sources of waste for disposal,,,Prince Edward Island,11,
2006,Access to basic waste collection services,Tonnes,,Residential sources of waste for disposal,,,Prince Edward Island,,
2006,Access to basic waste collection services,Tonnes,,Non-residential sources of waste for disposal,,,Prince Edward Island,,
2006,Access to basic waste collection services,Tonnes,,All sources of waste for disposal,,,Nova Scotia,12,359105.0
2006,Access to basic waste collection services,Tonnes,,Residential sources of waste for disposal,,,Nova Scotia,,169337.0
2006,Access to basic waste collection services,Tonnes,,Non-residential sources of waste for disposal,,,Nova Scotia,,189768.0
2006,Access to basic waste collection services,Tonnes,,All sources of waste for disposal,,,New Brunswick,13,511706.0
2006,Access to basic waste collection services,Tonnes,,Residential sources of waste for disposal,,,New Brunswick,,263580.0
2006,Access to basic waste collection services,Tonnes,,Non-residential sources of waste for disposal,,,New Brunswick,,248125.0
2006,Access to basic waste collection services,Tonnes,,All sources of waste for disposal,,,Quebec,24,6808440.0
2006,Access to basic waste collection services,Tonnes,,Residential sources of waste for disposal,,,Quebec,,2980427.0
2006,Access to basic waste collection services,Tonnes,,Non-residential sources of waste for disposal,,,Quebec,,3828013.0
2006,Access to basic waste collection services,Tonnes,,All sources of waste for disposal,,,Ontario,35,9710459.0
2006,Access to basic waste collection services,Tonnes,,Residential sources of waste for disposal,,,Ontario,,3411642.0
2006,Access to basic waste collection services,Tonnes,,Non-residential sources of waste for disposal,,,Ontario,,6298818.0
2006,Access to basic waste collection services,Tonnes,,All sources of waste for disposal,,,Manitoba,46,904272.0
2006,Access to basic waste collection services,Tonnes,,Residential sources of waste for disposal,,,Manitoba,,425304.0
2006,Access to basic waste collection services,Tonnes,,Non-residential sources of waste for disposal,,,Manitoba,,478968.0
2006,Access to basic waste collection services,Tonnes,,All sources of waste for disposal,,,Saskatchewan,47,833753.0
2006,Access to basic waste collection services,Tonnes,,Residential sources of waste for disposal,,,Saskatchewan,,296062.0
2006,Access to basic waste collection services,Tonnes,,Non-residential sources of waste for disposal,,,Saskatchewan,,537691.0
2006,Access to basic waste collection services,Tonnes,,All sources of waste for disposal,,,Alberta,48,3819872.0
2006,Access to basic waste collection services,Tonnes,,Residential sources of waste for disposal,,,Alberta,,973683.0
2006,Access to basic waste collection services,Tonnes,,Non-residential sources of waste for disposal,,,Alberta,,2846189.0
2006,Access to basic waste collection services,Tonnes,,All sources of waste for disposal,,,British Columbia,59,2917080.0
2006,Access to basic waste collection services,Tonnes,,Residential sources of waste for disposal,,,British Columbia,,956968.0
2006,Access to basic waste collection services,Tonnes,,Non-residential sources of waste for disposal,,,British Columbia,,1960113.0
2006,Access to basic waste collection services,Tonnes,,All sources of waste for disposal,,,"Yukon, Northwest Territories and Nunavut",,
2006,Access to basic waste collection services,Tonnes,,Residential sources of waste for disposal,,,"Yukon, Northwest Territories and Nunavut",,
2006,Access to basic waste collection services,Tonnes,,Non-residential sources of waste for disposal,,,"Yukon, Northwest Territories and Nunavut",,
2008,Access to basic waste collection services,Tonnes,,Residential sources of waste for disposal,,,,,9360400.0
2008,Access to basic waste collection services,Tonnes,,Non-residential sources of waste for disposal,,,,,16566076.0
2008,Access to basic waste collection services,Tonnes,,All sources of waste for disposal,,,Newfoundland and Labrador,10,399184.0
2008,Access to basic waste collection services,Tonnes,,Residential sources of waste for disposal,,,Newfoundland and Labrador,,210964.0
2008,Access to basic waste collection services,Tonnes,,Non-residential sources of waste for disposal,,,Newfoundland and Labrador,,188220.0
2008,Access to basic waste collection services,Tonnes,,All sources of waste for disposal,,,Prince Edward Island,11,
2008,Access to basic waste collection services,Tonnes,,Residential sources of waste for disposal,,,Prince Edward Island,,
2008,Access to basic waste collection services,Tonnes,,Non-residential sources of waste for disposal,,,Prince Edward Island,,
2008,Access to basic waste collection services,Tonnes,,All sources of waste for disposal,,,Nova Scotia,12,354231.0
2008,Access to basic waste collection services,Tonnes,,Residential sources of waste for disposal,,,Nova Scotia,,148060.0
2008,Access to basic waste collection services,Tonnes,,Non-residential sources of waste for disposal,,,Nova Scotia,,206171.0
2008,Access to basic waste collection services,Tonnes,,All sources of waste for disposal,,,New Brunswick,13,479461.0
2008,Access to basic waste collection services,Tonnes,,Residential sources of waste for disposal,,,New Brunswick,,233703.0
2008,Access to basic waste collection services,Tonnes,,Non-residential sources of waste for disposal,,,New Brunswick,,245758.0
2008,Access to basic waste collection services,Tonnes,,All sources of waste for disposal,,,Quebec,24,6146319.0
2008,Access to basic waste collection services,Tonnes,,Residential sources of waste for disposal,,,Quebec,,2848822.0
2008,Access to basic waste collection services,Tonnes,,Non-residential sources of waste for disposal,,,Quebec,,3297497.0
2008,Access to basic waste collection services,Tonnes,,All sources of waste for disposal,,,Ontario,35,9631559.0
2008,Access to basic waste collection services,Tonnes,,Residential sources of waste for disposal,,,Ontario,,3231399.0
2008,Access to basic waste collection services,Tonnes,,Non-residential sources of waste for disposal,,,Ontario,,6400160.0
2008,Access to basic waste collection services,Tonnes,,All sources of waste for disposal,,,Manitoba,46,945441.0
2008,Access to basic waste collection services,Tonnes,,Residential sources of waste for disposal,,,Manitoba,,400297.0
2008,Access to basic waste collection services,Tonnes,,Non-residential sources of waste for disposal,,,Manitoba,,545144.0
2008,Access to basic waste collection services,Tonnes,,All sources of waste for disposal,,,Saskatchewan,47,902943.0
2008,Access to basic waste collection services,Tonnes,,Residential sources of waste for disposal,,,Saskatchewan,,289760.0
2008,Access to basic waste collection services,Tonnes,,Non-residential sources of waste for disposal,,,Saskatchewan,,613182.0
2008,Access to basic waste collection services,Tonnes,,All sources of waste for disposal,,,Alberta,48,4147558.0
2008,Access to basic waste collection services,Tonnes,,Residential sources of waste for disposal,,,Alberta,,993976.0
2008,Access to basic waste collection services,Tonnes,,Non-residential sources of waste for disposal,,,Alberta,,3153581.0
2008,Access to basic waste collection services,Tonnes,,All sources of waste for disposal,,,British Columbia,59,2811568.0
2008,Access to basic waste collection services,Tonnes,,Residential sources of waste for disposal,,,British Columbia,,960472.0
2008,Access to basic waste collection services,Tonnes,,Non-residential sources of waste for disposal,,,British Columbia,,1851097.0
2008,Access to basic waste collection services,Tonnes,,All sources of waste for disposal,,,"Yukon, Northwest Territories and Nunavut",,
2008,Access to basic waste collection services,Tonnes,,Residential sources of waste for disposal,,,"Yukon, Northwest Territories and Nunavut",,
2008,Access to basic waste collection services,Tonnes,,Non-residential sources of waste for disposal,,,"Yukon, Northwest Territories and Nunavut",,
2010,Access to basic waste collection services,Tonnes,,Residential sources of waste for disposal,,,,,9448165.0
2010,Access to basic waste collection services,Tonnes,,Non-residential sources of waste for disposal,,,,,15504250.0
2010,Access to basic waste collection services,Tonnes,,All sources of waste for disposal,,,Newfoundland and Labrador,10,394235.0
2010,Access to basic waste collection services,Tonnes,,Residential sources of waste for disposal,,,Newfoundland and Labrador,,
2010,Access to basic waste collection services,Tonnes,,Non-residential sources of waste for disposal,,,Newfoundland and Labrador,,
2010,Access to basic waste collection services,Tonnes,,All sources of waste for disposal,,,Prince Edward Island,11,
2010,Access to basic waste collection services,Tonnes,,Residential sources of waste for disposal,,,Prince Edward Island,,
2010,Access to basic waste collection services,Tonnes,,Non-residential sources of waste for disposal,,,Prince Edward Island,,
2010,Access to basic waste collection services,Tonnes,,All sources of waste for disposal,,,Nova Scotia,12,367246.0
2010,Access to basic waste collection services,Tonnes,,Residential sources of waste for disposal,,,Nova Scotia,,145589.0
2010,Access to basic waste collection services,Tonnes,,Non-residential sources of waste for disposal,,,Nova Scotia,,221657.0
2010,Access to basic waste collection services,Tonnes,,All sources of waste for disposal,,,New Brunswick,13,475265.0
2010,Access to basic waste collection services,Tonnes,,Residential sources of waste for disposal,,,New Brunswick,,219486.0
2010,Access to basic waste collection services,Tonnes,,Non-residential sources of waste for disposal,,,New Brunswick,,255779.0
2010,Access to basic waste collection services,Tonnes,,All sources of waste for disposal,,,Quebec,24,5795707.0
2010,Access to basic waste collection services,Tonnes,,Residential sources of waste for disposal,,,Quebec,,2853189.0
2010,Access to basic waste collection services,Tonnes,,Non-residential sources of waste for disposal,,,Quebec,,2942518.0
2010,Access to basic waste collection services,Tonnes,,All sources of waste for disposal,,,Ontario,35,9247415.0
2010,Access to basic waste collection services,Tonnes,,Residential sources of waste for disposal,,,Ontario,,3204264.0
2010,Access to basic waste collection services,Tonnes,,Non-residential sources of waste for disposal,,,Ontario,,6043151.0
2010,Access to basic waste collection services,Tonnes,,All sources of waste for disposal,,,Manitoba,46,1020481.0
2010,Access to basic waste collection services,Tonnes,,Residential sources of waste for disposal,,,Manitoba,,453754.0
2010,Access to basic waste collection services,Tonnes,,Non-residential sources of waste for disposal,,,Manitoba,,566727.0
2010,Access to basic waste collection services,Tonnes,,All sources of waste for disposal,,,Saskatchewan,47,937268.0
2010,Access to basic waste collection services,Tonnes,,Residential sources of waste for disposal,,,Saskatchewan,,283726.0
2010,Access to basic waste collection services,Tonnes,,Non-residential sources of waste for disposal,,,Saskatchewan,,653541.0
2010,Access to basic waste collection services,Tonnes,,All sources of waste for disposal,,,Alberta,48,3917492.0
2010,Access to basic waste collection services,Tonnes,,Residential sources of waste for disposal,,,Alberta,,1093155.0
2010,Access to basic waste collection services,Tonnes,,Non-residential sources of waste for disposal,,,Alberta,,2824337.0
2010,Access to basic waste collection services,Tonnes,,All sources of waste for disposal,,,British Columbia,59,2658271.0
2010,Access to basic waste collection services,Tonnes,,Residential sources of waste for disposal,,,British Columbia,,953761.0
2010,Access to basic waste collection services,Tonnes,,Non-residential sources of waste for disposal,,,British Columbia,,1704510.0
2010,Access to basic waste collection services,Tonnes,,All sources of waste for disposal,,,"Yukon, Northwest Territories and Nunavut",,
2010,Access to basic waste collection services,Tonnes,,Residential sources of waste for disposal,,,"Yukon, Northwest Territories and Nunavut",,
2010,Access to basic waste collection services,Tonnes,,Non-residential sources of waste for disposal,,,"Yukon, Northwest Territories and Nunavut",,
2012,Access to basic waste collection services,Tonnes,,Residential sources of waste for disposal,,,,,9684615.0
2012,Access to basic waste collection services,Tonnes,,Non-residential sources of waste for disposal,,,,,14996859.0
2012,Access to basic waste collection services,Tonnes,,All sources of waste for disposal,,,Newfoundland and Labrador,10,391571.0
2012,Access to basic waste collection services,Tonnes,,Residential sources of waste for disposal,,,Newfoundland and Labrador,,
2012,Access to basic waste collection services,Tonnes,,Non-residential sources of waste for disposal,,,Newfoundland and Labrador,,
2012,Access to basic waste collection services,Tonnes,,All sources of waste for disposal,,,Prince Edward Island,11,
2012,Access to basic waste collection services,Tonnes,,Residential sources of waste for disposal,,,Prince Edward Island,,
2012,Access to basic waste collection services,Tonnes,,Non-residential sources of waste for disposal,,,Prince Edward Island,,
2012,Access to basic waste collection services,Tonnes,,All sources of waste for disposal,,,Nova Scotia,12,365079.0
2012,Access to basic waste collection services,Tonnes,,Residential sources of waste for disposal,,,Nova Scotia,,145601.0
2012,Access to basic waste collection services,Tonnes,,Non-residential sources of waste for disposal,,,Nova Scotia,,219478.0
2012,Access to basic waste collection services,Tonnes,,All sources of waste for disposal,,,New Brunswick,13,492938.0
2012,Access to basic waste collection services,Tonnes,,Residential sources of waste for disposal,,,New Brunswick,,215755.0
2012,Access to basic waste collection services,Tonnes,,Non-residential sources of waste for disposal,,,New Brunswick,,277183.0
2012,Access to basic waste collection services,Tonnes,,All sources of waste for disposal,,,Quebec,24,5584621.0
2012,Access to basic waste collection services,Tonnes,,Residential sources of waste for disposal,,,Quebec,,2803335.0
2012,Access to basic waste collection services,Tonnes,,Non-residential sources of waste for disposal,,,Quebec,,2781286.0
2012,Access to basic waste collection services,Tonnes,,All sources of waste for disposal,,,Ontario,35,9208839.0
2012,Access to basic waste collection services,Tonnes,,Residential sources of waste for disposal,,,Ontario,,3388501.0
2012,Access to basic waste collection services,Tonnes,,Non-residential sources of waste for disposal,,,Ontario,,5820338.0
2012,Access to basic waste collection services,Tonnes,,All sources of waste for disposal,,,Manitoba,46,1017663.0
2012,Access to basic waste collection services,Tonnes,,Residential sources of waste for disposal,,,Manitoba,,444227.0
2012,Access to basic waste collection services,Tonnes,,Non-residential sources of waste for disposal,,,Manitoba,,573436.0
2012,Access to basic waste collection services,Tonnes,,All sources of waste for disposal,,,Saskatchewan,47,957670.0
2012,Access to basic waste collection services,Tonnes,,Residential sources of waste for disposal,,,Saskatchewan,,315987.0
2012,Access to basic waste collection services,Tonnes,,Non-residential sources of waste for disposal,,,Saskatchewan,,641682.0
2012,Access to basic waste collection services,Tonnes,,All sources of waste for disposal,,,Alberta,48,3913924.0
2012,Access to basic waste collection services,Tonnes,,Residential sources of waste for disposal,,,Alberta,,1176226.0
2012,Access to basic waste collection services,Tonnes,,Non-residential sources of waste for disposal,,,Alberta,,2737698.0
2012,Access to basic waste collection services,Tonnes,,All sources of waste for disposal,,,British Columbia,59,2604147.0
2012,Access to basic waste collection services,Tonnes,,Residential sources of waste for disposal,,,British Columbia,,947542.0
2012,Access to basic waste collection services,Tonnes,,Non-residential sources of waste for disposal,,,British Columbia,,1656605.0
2012,Access to basic waste collection services,Tonnes,,All sources of waste for disposal,,,"Yukon, Northwest Territories and Nunavut",,
2012,Access to basic waste collection services,Tonnes,,Residential sources of waste for disposal,,,"Yukon, Northwest Territories and Nunavut",,
2012,Access to basic waste collection services,Tonnes,,Non-residential sources of waste for disposal,,,"Yukon, Northwest Territories and Nunavut",,
2014,Access to basic waste collection services,Tonnes,,Residential sources of waste for disposal,,,,,9803644.0
2014,Access to basic waste collection services,Tonnes,,Non-residential sources of waste for disposal,,,,,14963007.0
2014,Access to basic waste collection services,Tonnes,,All sources of waste for disposal,,,Newfoundland and Labrador,10,415158.0
2014,Access to basic waste collection services,Tonnes,,Residential sources of waste for disposal,,,Newfoundland and Labrador,,
2014,Access to basic waste collection services,Tonnes,,Non-residential sources of waste for disposal,,,Newfoundland and Labrador,,
2014,Access to basic waste collection services,Tonnes,,All sources of waste for disposal,,,Prince Edward Island,11,
2014,Access to basic waste collection services,Tonnes,,Residential sources of waste for disposal,,,Prince Edward Island,,
2014,Access to basic waste collection services,Tonnes,,Non-residential sources of waste for disposal,,,Prince Edward Island,,
2014,Access to basic waste collection services,Tonnes,,All sources of waste for disposal,,,Nova Scotia,12,364193.0
2014,Access to basic waste collection services,Tonnes,,Residential sources of waste for disposal,,,Nova Scotia,,160805.0
2014,Access to basic waste collection services,Tonnes,,Non-residential sources of waste for disposal,,,Nova Scotia,,203388.0
2014,Access to basic waste collection services,Tonnes,,All sources of waste for disposal,,,New Brunswick,13,508115.0
2014,Access to basic waste collection services,Tonnes,,Residential sources of waste for disposal,,,New Brunswick,,234534.0
2014,Access to basic waste collection services,Tonnes,,Non-residential sources of waste for disposal,,,New Brunswick,,273581.0
2014,Access to basic waste collection services,Tonnes,,All sources of waste for disposal,,,Quebec,24,5414539.0
2014,Access to basic waste collection services,Tonnes,,Residential sources of waste for disposal,,,Quebec,,2831404.0
2014,Access to basic waste collection services,Tonnes,,Non-residential sources of waste for disposal,,,Quebec,,2583135.0
2014,Access to basic waste collection services,Tonnes,,All sources of waste for disposal,,,Ontario,35,9165299.0
2014,Access to basic waste collection services,Tonnes,,Residential sources of waste for disposal,,,Ontario,,3490792.0
2014,Access to basic waste collection services,Tonnes,,Non-residential sources of waste for disposal,,,Ontario,,5674507.0
2014,Access to basic waste collection services,Tonnes,,All sources of waste for disposal,,,Manitoba,46,990230.0
2014,Access to basic waste collection services,Tonnes,,Residential sources of waste for disposal,,,Manitoba,,333008.0
2014,Access to basic waste collection services,Tonnes,,Non-residential sources of waste for disposal,,,Manitoba,,657222.0
2014,Access to basic waste collection services,Tonnes,,All sources of waste for disposal,,,Saskatchewan,47,940595.0
2014,Access to basic waste collection services,Tonnes,,Residential sources of waste for disposal,,,Saskatchewan,,331430.0
2014,Access to basic waste collection services,Tonnes,,Non-residential sources of waste for disposal,,,Saskatchewan,,609166.0
2014,Access to basic waste collection services,Tonnes,,All sources of waste for disposal,,,Alberta,48,4097584.0
2014,Access to basic waste collection services,Tonnes,,Residential sources of waste for disposal,,,Alberta,,1230635.0
2014,Access to basic waste collection services,Tonnes,,Non-residential sources of waste for disposal,,,Alberta,,2866949.0
2014,Access to basic waste collection services,Tonnes,,All sources of waste for disposal,,,British Columbia,59,2721309.0
2014,Access to basic waste collection services,Tonnes,,Residential sources of waste for disposal,,,British Columbia,,941345.0
2014,Access to basic waste collection services,Tonnes,,Non-residential sources of waste for disposal,,,British Columbia,,1779963.0
2014,Access to basic waste collection services,Tonnes,,All sources of waste for disposal,,,"Yukon, Northwest Territories and Nunavut",,
2014,Access to basic waste collection services,Tonnes,,Residential sources of waste for disposal,,,"Yukon, Northwest Territories and Nunavut",,
2014,Access to basic waste collection services,Tonnes,,Non-residential sources of waste for disposal,,,"Yukon, Northwest Territories and Nunavut",,
2016,Access to basic waste collection services,Tonnes,,Residential sources of waste for disposal,,,,,10225943.0
2016,Access to basic waste collection services,Tonnes,,Non-residential sources of waste for disposal,,,,,14714804.0
2016,Access to basic waste collection services,Tonnes,,All sources of waste for disposal,,,Newfoundland and Labrador,10,395324.0
2016,Access to basic waste collection services,Tonnes,,Residential sources of waste for disposal,,,Newfoundland and Labrador,,
2016,Access to basic waste collection services,Tonnes,,Non-residential sources of waste for disposal,,,Newfoundland and Labrador,,
2016,Access to basic waste collection services,Tonnes,,All sources of waste for disposal,,,Prince Edward Island,11,
2016,Access to basic waste collection services,Tonnes,,Residential sources of waste for disposal,,,Prince Edward Island,,
2016,Access to basic waste collection services,Tonnes,,Non-residential sources of waste for disposal,,,Prince Edward Island,,
2016,Access to basic waste collection services,Tonnes,,All sources of waste for disposal,,,Nova Scotia,12,375258.0
2016,Access to basic waste collection services,Tonnes,,Residential sources of waste for disposal,,,Nova Scotia,,169786.0
2016,Access to basic waste collection services,Tonnes,,Non-residential sources of waste for disposal,,,Nova Scotia,,205472.0
2016,Access to basic waste collection services,Tonnes,,All sources of waste for disposal,,,New Brunswick,13,503123.0
2016,Access to basic waste collection services,Tonnes,,Residential sources of waste for disposal,,,New Brunswick,,225893.0
2016,Access to basic waste collection services,Tonnes,,Non-residential sources of waste for disposal,,,New Brunswick,,277230.0
2016,Access to basic waste collection services,Tonnes,,All sources of waste for disposal,,,Quebec,24,5356134.0
2016,Access to basic waste collection services,Tonnes,,Residential sources of waste for disposal,,,Quebec,,3010083.0
2016,Access to basic waste collection services,Tonnes,,Non-residential sources of waste for disposal,,,Quebec,,2346051.0
2016,Access to basic waste collection services,Tonnes,,All sources of waste for disposal,,,Ontario,35,9475472.0
2016,Access to basic waste collection services,Tonnes,,Residential sources of waste for disposal,,,Ontario,,3703850.0
2016,Access to basic waste collection services,Tonnes,,Non-residential sources of waste for disposal,,,Ontario,,5771622.0
2016,Access to basic waste collection services,Tonnes,,All sources of waste for disposal,,,Manitoba,46,969289.0
2016,Access to basic waste collection services,Tonnes,,Residential sources of waste for disposal,,,Manitoba,,308517.0
2016,Access to basic waste collection services,Tonnes,,Non-residential sources of waste for disposal,,,Manitoba,,660772.0
2016,Access to basic waste collection services,Tonnes,,All sources of waste for disposal,,,Saskatchewan,47,898404.0
2016,Access to basic waste collection services,Tonnes,,Residential sources of waste for disposal,,,Saskatchewan,,343497.0
2016,Access to basic waste collection services,Tonnes,,Non-residential sources of waste for disposal,,,Saskatchewan,,554908.0
2016,Access to basic waste collection services,Tonnes,,All sources of waste for disposal,,,Alberta,48,4206668.0
2016,Access to basic waste collection services,Tonnes,,Residential sources of waste for disposal,,,Alberta,,1299856.0
2016,Access to basic waste collection services,Tonnes,,Non-residential sources of waste for disposal,,,Alberta,,2906811.0
2016,Access to basic waste collection services,Tonnes,,All sources of waste for disposal,,,British Columbia,59,2614087.0
2016,Access to basic waste collection services,Tonnes,,Residential sources of waste for disposal,,,British Columbia,,929476.0
2016,Access to basic waste collection services,Tonnes,,Non-residential sources of waste for disposal,,,British Columbia,,1684611.0
2016,Access to basic waste collection services,Tonnes,,All sources of waste for disposal,,,"Yukon, Northwest Territories and Nunavut",,
2016,Access to basic waste collection services,Tonnes,,Residential sources of waste for disposal,,,"Yukon, Northwest Territories and Nunavut",,
2016,Access to basic waste collection services,Tonnes,,Non-residential sources of waste for disposal,,,"Yukon, Northwest Territories and Nunavut",,
2018,Access to basic waste collection services,Tonnes,,Residential sources of waste for disposal,,,,,10848238.0
2018,Access to basic waste collection services,Tonnes,,Non-residential sources of waste for disposal,,,,,14884782.0
2018,Access to basic waste collection services,Tonnes,,All sources of waste for disposal,,,Newfoundland and Labrador,10,373668.0
2018,Access to basic waste collection services,Tonnes,,Residential sources of waste for disposal,,,Newfoundland and Labrador,,158588.0
2018,Access to basic waste collection services,Tonnes,,Non-residential sources of waste for disposal,,,Newfoundland and Labrador,,215080.0
2018,Access to basic waste collection services,Tonnes,,All sources of waste for disposal,,,Prince Edward Island,11,53972.0
2018,Access to basic waste collection services,Tonnes,,Residential sources of waste for disposal,,,Prince Edward Island,,20540.0
2018,Access to basic waste collection services,Tonnes,,Non-residential sources of waste for disposal,,,Prince Edward Island,,33432.0
2018,Access to basic waste collection services,Tonnes,,All sources of waste for disposal,,,Nova Scotia,12,392328.0
2018,Access to basic waste collection services,Tonnes,,Residential sources of waste for disposal,,,Nova Scotia,,157078.0
2018,Access to basic waste collection services,Tonnes,,Non-residential sources of waste for disposal,,,Nova Scotia,,235250.0
2018,Access to basic waste collection services,Tonnes,,All sources of waste for disposal,,,New Brunswick,13,507848.0
2018,Access to basic waste collection services,Tonnes,,Residential sources of waste for disposal,,,New Brunswick,,222110.0
2018,Access to basic waste collection services,Tonnes,,Non-residential sources of waste for disposal,,,New Brunswick,,285738.0
2018,Access to basic waste collection services,Tonnes,,All sources of waste for disposal,,,Quebec,24,5563136.0
2018,Access to basic waste collection services,Tonnes,,Residential sources of waste for disposal,,,Quebec,,3231578.0
2018,Access to basic waste collection services,Tonnes,,Non-residential sources of waste for disposal,,,Quebec,,2331557.0
2018,Access to basic waste collection services,Tonnes,,All sources of waste for disposal,,,Ontario,35,10085613.0
2018,Access to basic waste collection services,Tonnes,,Residential sources of waste for disposal,,,Ontario,,3980665.0
2018,Access to basic waste collection services,Tonnes,,Non-residential sources of waste for disposal,,,Ontario,,6104948.0
2018,Access to basic waste collection services,Tonnes,,All sources of waste for disposal,,,Manitoba,46,963256.0
2018,Access to basic waste collection services,Tonnes,,Residential sources of waste for disposal,,,Manitoba,,333742.0
2018,Access to basic waste collection services,Tonnes,,Non-residential sources of waste for disposal,,,Manitoba,,629514.0
2018,Access to basic waste collection services,Tonnes,,All sources of waste for disposal,,,Saskatchewan,47,864753.0
2018,Access to basic waste collection services,Tonnes,,Residential sources of waste for disposal,,,Saskatchewan,,381180.0
2018,Access to basic waste collection services,Tonnes,,Non-residential sources of waste for disposal,,,Saskatchewan,,483573.0
2018,Access to basic waste collection services,Tonnes,,All sources of waste for disposal,,,Alberta,48,4118081.0
2018,Access to basic waste collection services,Tonnes,,Residential sources of waste for disposal,,,Alberta,,1336765.0
2018,Access to basic waste collection services,Tonnes,,Non-residential sources of waste for disposal,,,Alberta,,2781316.0
2018,Access to basic waste collection services,Tonnes,,All sources of waste for disposal,,,British Columbia,59,2719877.0
2018,Access to basic waste collection services,Tonnes,,Residential sources of waste for disposal,,,British Columbia,,993371.0
2018,Access to basic waste collection services,Tonnes,,Non-residential sources of waste for disposal,,,British Columbia,,1726506.0
2018,Access to basic waste collection services,Tonnes,,All sources of waste for disposal,,,"Yukon, Northwest Territories and Nunavut",,90489.0
2018,Access to basic waste collection services,Tonnes,,Residential sources of waste for disposal,,,"Yukon, Northwest Territories and Nunavut",,32621.0
2018,Access to basic waste collection services,Tonnes,,Non-residential sources of waste for disposal,,,"Yukon, Northwest Territories and Nunavut",,57868.0
2020,Access to basic waste collection services,Tonnes,,Residential sources of waste for disposal,,,,,10862118.0
2020,Access to basic waste collection services,Tonnes,,Non-residential sources of waste for disposal,,,,,15245602.0
2020,Access to basic waste collection services,Tonnes,,All sources of waste for disposal,,,Newfoundland and Labrador,10,365210.0
2020,Access to basic waste collection services,Tonnes,,Residential sources of waste for disposal,,,Newfoundland and Labrador,,161147.0
2020,Access to basic waste collection services,Tonnes,,Non-residential sources of waste for disposal,,,Newfoundland and Labrador,,204063.0
2020,Access to basic waste collection services,Tonnes,,All sources of waste for disposal,,,Prince Edward Island,11,55803.0
2020,Access to basic waste collection services,Tonnes,,Residential sources of waste for disposal,,,Prince Edward Island,,20174.0
2020,Access to basic waste collection services,Tonnes,,Non-residential sources of waste for disposal,,,Prince Edward Island,,35629.0
2020,Access to basic waste collection services,Tonnes,,All sources of waste for disposal,,,Nova Scotia,12,399735.0
2020,Access to basic waste collection services,Tonnes,,Residential sources of waste for disposal,,,Nova Scotia,,157740.0
2020,Access to basic waste collection services,Tonnes,,Non-residential sources of waste for disposal,,,Nova Scotia,,241995.0
2020,Access to basic waste collection services,Tonnes,,All sources of waste for disposal,,,New Brunswick,13,498839.0
2020,Access to basic waste collection services,Tonnes,,Residential sources of waste for disposal,,,New Brunswick,,215093.0
2020,Access to basic waste collection services,Tonnes,,Non-residential sources of waste for disposal,,,New Brunswick,,283746.0
2020,Access to basic waste collection services,Tonnes,,All sources of waste for disposal,,,Quebec,24,5756149.0
2020,Access to basic waste collection services,Tonnes,,Residential sources of waste for disposal,,,Quebec,,3417649.0
2020,Access to basic waste collection services,Tonnes,,Non-residential sources of waste for disposal,,,Quebec,,2338499.0
2020,Access to basic waste collection services,Tonnes,,All sources of waste for disposal,,,Ontario,35,10300560.0
2020,Access to basic waste collection services,Tonnes,,Residential sources of waste for disposal,,,Ontario,,3814211.0
2020,Access to basic waste collection services,Tonnes,,Non-residential sources of waste for disposal,,,Ontario,,6486350.0
2020,Access to basic waste collection services,Tonnes,,All sources of waste for disposal,,,Manitoba,46,934437.0
2020,Access to basic waste collection services,Tonnes,,Residential sources of waste for disposal,,,Manitoba,,325486.0
2020,Access to basic waste collection services,Tonnes,,Non-residential sources of waste for disposal,,,Manitoba,,608951.0
2020,Access to basic waste collection services,Tonnes,,All sources of waste for disposal,,,Saskatchewan,47,852445.0
2020,Access to basic waste collection services,Tonnes,,Residential sources of waste for disposal,,,Saskatchewan,,406635.0
2020,Access to basic waste collection services,Tonnes,,Non-residential sources of waste for disposal,,,Saskatchewan,,445810.0
2020,Access to basic waste collection services,Tonnes,,All sources of waste for disposal,,,Alberta,48,4044817.0
2020,Access to basic waste collection services,Tonnes,,Residential sources of waste for disposal,,,Alberta,,1238331.0
2020,Access to basic waste collection services,Tonnes,,Non-residential sources of waste for disposal,,,Alberta,,2806486.0
2020,Access to basic waste collection services,Tonnes,,All sources of waste for disposal,,,British Columbia,59,2803431.0
2020,Access to basic waste collection services,Tonnes,,Residential sources of waste for disposal,,,British Columbia,,1068244.0
2020,Access to basic waste collection services,Tonnes,,Non-residential sources of waste for disposal,,,British Columbia,,1735187.0
2020,Access to basic waste collection services,Tonnes,,All sources of waste for disposal,,,"Yukon, Northwest Territories and Nunavut",,96294.0
2020,Access to basic waste collection services,Tonnes,,Residential sources of waste for disposal,,,"Yukon, Northwest Territories and Nunavut",,37409.0
2020,Access to basic waste collection services,Tonnes,,Non-residential sources of waste for disposal,,,"Yukon, Northwest Territories and Nunavut",,58886.0
2015,Access to basic education,Percentage (%),,,Proportion of children in Grade 4 achieving at least a minimum proficiency level in mathematics,Total,,,92.0
2019,Access to basic education,Percentage (%),,,Proportion of children in Grade 4 achieving at least a minimum proficiency level in mathematics,Male,,,94.0
2019,Access to basic education,Percentage (%),,,Proportion of children in Grade 4 achieving at least a minimum proficiency level in mathematics,Female,,,91.0
2019,Access to basic education,Percentage (%),,,Proportion of children in Grade 4 achieving at least a minimum proficiency level in mathematics,Total,,,92.0
2016,Access to basic education,Percentage (%),,,Proportion of children in Grade 4 achieving at least a minimum proficiency level in reading,Male,,,95.3
2016,Access to basic education,Percentage (%),,,Proportion of children in Grade 4 achieving at least a minimum proficiency level in reading,Female,,,96.3
2016,Access to basic education,Percentage (%),,,Proportion of children in Grade 4 achieving at least a minimum proficiency level in reading,Total,,,95.6
2018,Access to basic education,Percentage (%),,,Proportion of children and young people at the end of lower secondary achieving at least a minimum proficiency level in reading,Female,,,90.4
2018,Access to basic education,Percentage (%),,,Proportion of children and young people at the end of lower secondary achieving at least a minimum proficiency level in reading,Male,,,82.1
2018,Access to basic education,Percentage (%),,,Proportion of children and young people at the end of lower secondary achieving at least a minimum proficiency level in reading,Total,,,86.3
2018,Access to basic education,Percentage (%),,,Proportion of children and young people at the end of lower secondary achieving at least a minimum proficiency level in mathematics,Female,,,83.9
2018,Access to basic education,Percentage (%),,,Proportion of children and young people at the end of lower secondary achieving at least a minimum proficiency level in mathematics,Male,,,83.6
2018,Access to basic education,Percentage (%),,,Proportion of children and young people at the end of lower secondary achieving at least a minimum proficiency level in mathematics,Total,,,83.7
2016,Access to basic information services,Percentage (%),Proportion of population covered by Evolved High-Speed Packet Access (HSPA+),,,,,,99.47
2017,Access to basic information services,Percentage (%),Proportion of population covered by Evolved High-Speed Packet Access (HSPA+),,,,,,99.49
2018,Access to basic information services,Percentage (%),Proportion of population covered by Evolved High-Speed Packet Access (HSPA+),,,,,,99.48
2019,Access to basic information services,Percentage (%),Proportion of population covered by Evolved High-Speed Packet Access (HSPA+),,,,,,99.53
2020,Access to basic information services,Percentage (%),Proportion of population covered by Evolved High-Speed Packet Access (HSPA+),,,,,,99.45
2021,Access to basic information services,Percentage (%),Proportion of population covered by Evolved High-Speed Packet Access (HSPA+),,,,,,99.5
2022,Access to basic information services,Percentage (%),Proportion of population covered by Evolved High-Speed Packet Access (HSPA+),,,,,,99.57
2016,Access to basic information services,Percentage (%),Proportion of population covered by Long-Term Evolution - A (LTE-A),,,,,,83.35
2017,Access to basic information services,Percentage (%),Proportion of population covered by Long-Term Evolution - A (LTE-A),,,,,,92.43
2018,Access to basic information services,Percentage (%),Proportion of population covered by Long-Term Evolution - A (LTE-A),,,,,,94.9
2019,Access to basic information services,Percentage (%),Proportion of population covered by Long-Term Evolution - A (LTE-A),,,,,,95.86
2020,Access to basic information services,Percentage (%),Proportion of population covered by Long-Term Evolution - A (LTE-A),,,,,,97.45
2021,Access to basic information services,Percentage (%),Proportion of population covered by Long-Term Evolution - A (LTE-A),,,,,,97.82
2022,Access to basic information services,Percentage (%),Proportion of population covered by Long-Term Evolution - A (LTE-A),,,,,,97.8
2016,Access to basic information services,Percentage (%),Proportion of population covered by Long-Term Evolution (LTE),,,,,,98.55
2017,Access to basic information services,Percentage (%),Proportion of population covered by Long-Term Evolution (LTE),,,,,,99.14
2018,Access to basic information services,Percentage (%),Proportion of population covered by Long-Term Evolution (LTE),,,,,,99.3
2019,Access to basic information services,Percentage (%),Proportion of population covered by Long-Term Evolution (LTE),,,,,,99.48
2020,Access to basic information services,Percentage (%),Proportion of population covered by Long-Term Evolution (LTE),,,,,,99.53
2021,Access to basic information services,Percentage (%),Proportion of population covered by Long-Term Evolution (LTE),,,,,,99.42
2022,Access to basic information services,Percentage (%),Proportion of population covered by Long-Term Evolution (LTE),,,,,,99.47
2020,Access to basic information services,Percentage (%),Proportion of population covered by 5G,,,,,,53.27
2021,Access to basic information services,Percentage (%),Proportion of population covered by 5G,,,,,,87.78
2022,Access to basic information services,Percentage (%),Proportion of population covered by 5G,,,,,,91.4
